{"cameraMode":{"drawMode":0,"name":"Shaded","section":"Shading Mode"},"sceneLighting":true,"audioPlay":false,"sceneViewState":{"showFog":false,"showMaterialUpdate":false,"showSkybox":false,"showFlares":false,"showImageEffects":false,"showParticleSystems":false},"in2DMode":false,"pivot":{"x":-0.04431372880935669,"y":0.910841703414917,"z":5.4997477531433109},"rotation":{"x":-0.08235139399766922,"y":-0.03645952045917511,"z":0.003016685601323843,"w":-0.995939314365387},"size":3.0186376571655275,"orthographic":false}