{"cameraMode":{"drawMode":0,"name":"Shaded","section":"Shading Mode"},"sceneLighting":false,"audioPlay":false,"sceneViewState":{"showFog":true,"showMaterialUpdate":false,"showSkybox":true,"showFlares":true,"showImageEffects":true,"showParticleSystems":true},"in2DMode":false,"pivot":{"x":0.9569502472877502,"y":1.336505651473999,"z":1.0379986763000489},"rotation":{"x":-0.023893965408205987,"y":0.09283924847841263,"z":0.0022285673767328264,"w":0.9953919649124146},"size":2.5110580921173097,"orthographic":false}