{"cameraMode":{"drawMode":0,"name":"Shaded","section":"Shading Mode"},"sceneLighting":true,"audioPlay":false,"sceneViewState":{"showFog":false,"showMaterialUpdate":false,"showSkybox":false,"showFlares":false,"showImageEffects":false,"showParticleSystems":false},"in2DMode":false,"pivot":{"x":0.30687007308006289,"y":1.7811322212219239,"z":0.27597904205322268},"rotation":{"x":0.12715427577495576,"y":-0.0029756578151136638,"z":0.00038146766019053757,"w":0.9918791651725769},"size":2.3927245140075685,"orthographic":false}