{"cameraMode":{"drawMode":0,"name":"Shaded","section":"Shading Mode"},"sceneLighting":false,"audioPlay":false,"sceneViewState":{"showFog":true,"showMaterialUpdate":false,"showSkybox":true,"showFlares":true,"showImageEffects":true,"showParticleSystems":true},"in2DMode":false,"pivot":{"x":-0.27542516589164736,"y":-2.3559069633483888,"z":8.38369369506836},"rotation":{"x":0.17164582014083863,"y":-4.4109384589319237e-8,"z":-8.685353769521953e-9,"w":0.9851593971252441},"size":6.171655654907227,"orthographic":false}