{"cameraMode":{"drawMode":0,"name":"Shaded","section":"Shading Mode"},"sceneLighting":false,"audioPlay":false,"sceneViewState":{"showFog":true,"showMaterialUpdate":false,"showSkybox":true,"showFlares":true,"showImageEffects":true,"showParticleSystems":true},"in2DMode":false,"pivot":{"x":0.0305560864508152,"y":0.5050501227378845,"z":0.0564885139465332},"rotation":{"x":0.13161173462867738,"y":0.008921585977077484,"z":-0.0011845376575365663,"w":0.9912605881690979},"size":1.0889418125152588,"orthographic":false}