{"cameraMode":{"drawMode":0,"name":"Shaded","section":"Shading Mode"},"sceneLighting":true,"audioPlay":false,"sceneViewState":{"showFog":false,"showMaterialUpdate":false,"showSkybox":false,"showFlares":false,"showImageEffects":false,"showParticleSystems":false},"in2DMode":false,"pivot":{"x":-0.027616243809461595,"y":0.3697775602340698,"z":4.908763408660889},"rotation":{"x":0.11822281032800675,"y":5.216688414577675e-9,"z":-1.6304448069437428e-10,"w":0.9929873943328857},"size":2.876368522644043,"orthographic":false}