{"cameraMode":{"drawMode":0,"name":"Shaded","section":"Shading Mode"},"sceneLighting":true,"audioPlay":false,"sceneViewState":{"showFog":false,"showMaterialUpdate":false,"showSkybox":false,"showFlares":false,"showImageEffects":false,"showParticleSystems":false},"in2DMode":false,"pivot":{"x":0.44776007533073428,"y":2.159766674041748,"z":0.3571910858154297},"rotation":{"x":0.08688407391309738,"y":0.011954325251281262,"z":-0.0010426521766930819,"w":0.9961473941802979},"size":2.3927245140075685,"orthographic":false}