{"cameraMode":{"drawMode":0,"name":"Shaded","section":"Shading Mode"},"sceneLighting":true,"audioPlay":false,"sceneViewState":{"showFog":false,"showMaterialUpdate":false,"showSkybox":false,"showFlares":false,"showImageEffects":false,"showParticleSystems":false},"in2DMode":false,"pivot":{"x":0.2714467942714691,"y":1.0477750301361085,"z":3.8072080612182619},"rotation":{"x":0.0958177000284195,"y":0.02687242068350315,"z":-0.002587707946076989,"w":0.9950329065322876},"size":1.646005630493164,"orthographic":false}