{"cameraMode":{"drawMode":0,"name":"Shaded","section":"Shading Mode"},"sceneLighting":true,"audioPlay":false,"sceneViewState":{"showFog":true,"showMaterialUpdate":false,"showSkybox":true,"showFlares":true,"showImageEffects":true,"showParticleSystems":true},"in2DMode":false,"pivot":{"x":0.3186287581920624,"y":1.3494460582733155,"z":0.6905864477157593},"rotation":{"x":0.18787610530853272,"y":0.0029465805273503067,"z":-0.0005635983543470502,"w":0.9821898937225342},"size":0.9065720438957214,"orthographic":false}