{"cameraMode":{"drawMode":0,"name":"Shaded","section":"Shading Mode"},"sceneLighting":true,"audioPlay":false,"sceneViewState":{"showFog":false,"showMaterialUpdate":false,"showSkybox":false,"showFlares":false,"showImageEffects":false,"showParticleSystems":false},"in2DMode":false,"pivot":{"x":0.008454176597297192,"y":0.3188636302947998,"z":4.896439552307129},"rotation":{"x":0.11822281032800675,"y":5.216688414577675e-9,"z":-1.6304448069437428e-10,"w":0.9929873943328857},"size":4.4736199378967289,"orthographic":false}