{"cameraMode":{"drawMode":0,"name":"Shaded","section":"Shading Mode"},"sceneLighting":true,"audioPlay":false,"sceneViewState":{"showFog":true,"showMaterialUpdate":false,"showSkybox":true,"showFlares":true,"showImageEffects":true,"showParticleSystems":true},"in2DMode":false,"pivot":{"x":-0.1466066837310791,"y":2.089078664779663,"z":-1.757948875427246},"rotation":{"x":0.11226235330104828,"y":0.002981031546369195,"z":-0.00033678850741125643,"w":0.9936742186546326},"size":7.188092231750488,"orthographic":false}